<?xml version="1.0" encoding="UTF-8"?>
<project-private xmlns="http://www.netbeans.org/ns/project-private/1">
    <editor-bookmarks xmlns="http://www.netbeans.org/ns/editor-bookmarks/2" lastBookmarkId="0"/>
    <open-files xmlns="http://www.netbeans.org/ns/projectui-open-files/2">
        <group>
            <file>file:/home/yamini/NetBeansProjects/HW4_Part4_SDCombiner/src/hw4_part4_sdcombiner/SDMapper.java</file>
            <file>file:/home/yamini/NetBeansProjects/HW4_Part4_SDCombiner/src/hw4_part4_sdcombiner/HW4_Part4_SDCombiner.java</file>
            <file>file:/home/yamini/NetBeansProjects/HW4_Part4_SDCombiner/src/hw4_part4_sdcombiner/SDCombiner.java</file>
            <file>file:/home/yamini/NetBeansProjects/HW4_Part4_SDCombiner/src/hw4_part4_sdcombiner/SDReducer.java</file>
        </group>
    </open-files>
</project-private>
